{
    "MediumIsoPFTau35_Trk_eta2p1": {
        "m0": 38.284513544375116, 
        "sigma": 5.325716928817435, 
        "alpha": 6.450107655090677, 
        "n": 1.6488772300498389,
        "norm": 0.9999999971876338 
    }, 
    "LooseIsoPFTau20_SingleL1" : {
        "m0" : 21.4111, 
        "sigma" : 1.05522, 
        "alpha" : 1.32782, 
        "n" : 1.50352, 
        "norm" : 0.996428
    },
    "LooseIsoPFTau20" : {
        "m0" : 21.3600, 
        "sigma" : 0.81845, 
        "alpha" : 0.65401, 
        "n" : 1.71559, 
        "norm" : 1.00000
    },
    "FakeMediumIsoPFTau35_Trk_eta2p1":{
        "alpha": 10.841975447081829, 
        "m0": 40.38628704096317, 
        "sigma": 7.7246247443684455, 
        "norm": 0.8791162916114181, 
        "n": 1.661173434569925
    },
    "FakeLooseIsoPFTau20_SingleL1" : {
        "m0" : 20.8216, 
        "sigma" : 1.78474, 
        "alpha" : 1.64425, 
        "n" : 1.65795, 
        "norm" : 0.995247
    },
    "FakeLooseIsoPFTau20" : {
        "m0" : 20.9663, 
        "sigma" : 1.82571, 
        "alpha" : 1.23637, 
        "n" : 2.03994, 
        "norm" : 0.9693994
    }

}

